Module,Step_ID,Content_Key,Component,Status,Notes
MODULE 1: GETTING STARTED,1-1,welcome,WelcomeView,✅,Working
MODULE 1: GETTING STARTED,1-2,positive-psychology,PositivePsychologyView,❓,Needs content - renamed?
MODULE 1: GETTING STARTED,1-3,about-course,AboutCourseView,✅,PlaceholderView
MODULE 2: STRENGTH AND FLOW,2-1,star-strengths-assessment,IntroStrengthsView,✅,Working
MODULE 2: STRENGTH AND FLOW,2-2,flow-patterns,ProtectedFlowPatternsView,✅,Protected with data validation
MODULE 2: STRENGTH AND FLOW,2-3,future-self,ProtectedFutureSelfView,✅,Protected with data validation
MODULE 2: STRENGTH AND FLOW,2-4,module-2-recap,PlaceholderView,✅,PlaceholderView
MODULE 3: VISUALIZE YOUR POTENTIAL,3-1,wellbeing-ladder,WellBeingView,✅,Working (OLD 4-1)
MODULE 3: VISUALIZE YOUR POTENTIAL,3-2,rounding-out,FlowRoundingOutView,✅,Working (OLD 3-2)
MODULE 3: VISUALIZE YOUR POTENTIAL,3-3,final-reflection,FinalReflectionView,✅,Working (OLD 4-5)
MODULE 3: VISUALIZE YOUR POTENTIAL,3-4,finish-workshop,FinishWorkshopStep,✅,Workshop completion
MODULE 4: TAKEAWAYS & NEXT STEPS,4-1,download-star-card,DownloadStarCardView,✅,Working (OLD 5-1)
MODULE 4: TAKEAWAYS & NEXT STEPS,4-2,holistic-report,GeneralHolisticReportView,✅,Working (OLD 5-2)
MODULE 4: TAKEAWAYS & NEXT STEPS,4-3,growth-plan,GrowthPlanView,✅,Working (OLD 5-3)
MODULE 4: TAKEAWAYS & NEXT STEPS,4-4,team-workshop-prep,TeamWorkshopPrepView,✅,Working (OLD 5-4)
MODULE 5: MORE INFORMATION,5-1,workshop-resources,WorkshopResourcesView,✅,Working (OLD 6-1)
MODULE 5: MORE INFORMATION,5-2,more-fun-stuff,ComprehensiveAssessmentsView,✅,Multi-tab assessment collection with Woo Inventory
MODULE 5: MORE INFORMATION,5-3,introducing-imaginal-agility,PlaceholderView,✅,PlaceholderView